"Model","MAE_Global","MSE_Global","R2_Global"
"RF",0.0126475497440066,0.0021439844102524,0.774866992536253
"GBM",0.0135363812487673,0.00210564623217137,0.788893201587276
"KNN",0.0126445356514885,0.00204710048535949,0.79683113356546
"SVM",0.00933183179271591,0.00214542831226833,0.789189590305929
